nvar,r,d,prop_Hacker,prop_H1,het,iter,alpha,strategy,p1,p2,p3,p4,p5,k_sig,k
2,0,0,0.1,0,0,10000,0.05,1,0.206834532374101,0.170863309352518,0.232014388489209,0.197841726618705,0.192446043165468,556,10000
2,0,0,0.1,0,0,10000,0.05,2,0.206834532374101,0.170863309352518,0.232014388489209,0.197841726618705,0.192446043165468,556,10000
2,0,0,0.1,0,0,10000,0.05,3,0.206834532374101,0.169064748201439,0.232014388489209,0.199640287769784,0.192446043165468,556,10000
5,0,0,0.1,0,0,10000,0.05,1,0.211567732115677,0.197869101978691,0.216133942161339,0.199391171993912,0.175038051750381,657,10000
5,0,0,0.1,0,0,10000,0.05,2,0.211567732115677,0.197869101978691,0.216133942161339,0.199391171993912,0.175038051750381,657,10000
5,0,0,0.1,0,0,10000,0.05,3,0.207001522070015,0.19482496194825,0.211567732115677,0.205479452054795,0.181126331811263,657,10000
10,0,0,0.1,0,0,10000,0.05,1,0.276722090261283,0.17458432304038,0.19833729216152,0.190023752969121,0.160332541567696,842,10000
10,0,0,0.1,0,0,10000,0.05,2,0.276722090261283,0.17458432304038,0.19833729216152,0.190023752969121,0.160332541567696,842,10000
10,0,0,0.1,0,0,10000,0.05,3,0.248218527315915,0.171021377672209,0.205463182897862,0.197149643705463,0.178147268408551,842,10000
30,0,0,0.1,0,0,10000,0.05,1,0.291533546325879,0.235623003194888,0.184504792332268,0.14776357827476,0.140575079872204,1252,10000
30,0,0,0.1,0,0,10000,0.05,2,0.291533546325879,0.235623003194888,0.184504792332268,0.14776357827476,0.140575079872204,1252,10000
30,0,0,0.1,0,0,10000,0.05,3,0.203674121405751,0.218849840255591,0.19408945686901,0.186102236421725,0.197284345047923,1252,10000
70,0,0,0.1,0,0,10000,0.05,1,0.412011173184358,0.263268156424581,0.143156424581006,0.10195530726257,0.079608938547486,1432,10000
70,0,0,0.1,0,0,10000,0.05,2,0.412011173184358,0.263268156424581,0.143156424581006,0.10195530726257,0.079608938547486,1432,10000
70,0,0,0.1,0,0,10000,0.05,3,0.216480446927374,0.207402234636872,0.19622905027933,0.184357541899441,0.195530726256983,1432,10000
150,0,0,0.1,0,0,10000,0.05,1,0.5960219478738,0.181755829903978,0.0912208504801097,0.0761316872427984,0.0548696844993141,1458,10000
150,0,0,0.1,0,0,10000,0.05,2,0.5960219478738,0.181755829903978,0.0912208504801097,0.0761316872427984,0.0548696844993141,1458,10000
150,0,0,0.1,0,0,10000,0.05,3,0.201646090534979,0.181755829903978,0.207818930041152,0.209190672153635,0.199588477366255,1458,10000
2,0.3,0,0.1,0,0,10000,0.05,1,0.211009174311927,0.172477064220184,0.214678899082569,0.220183486238532,0.181651376146789,545,10000
2,0.3,0,0.1,0,0,10000,0.05,2,0.211009174311927,0.172477064220184,0.214678899082569,0.220183486238532,0.181651376146789,545,10000
2,0.3,0,0.1,0,0,10000,0.05,3,0.211009174311927,0.172477064220184,0.214678899082569,0.220183486238532,0.181651376146789,545,10000
5,0.3,0,0.1,0,0,10000,0.05,1,0.219135802469136,0.195987654320988,0.146604938271605,0.243827160493827,0.194444444444444,648,10000
5,0.3,0,0.1,0,0,10000,0.05,2,0.219135802469136,0.195987654320988,0.146604938271605,0.243827160493827,0.194444444444444,648,10000
5,0.3,0,0.1,0,0,10000,0.05,3,0.21141975308642,0.195987654320988,0.146604938271605,0.248456790123457,0.197530864197531,648,10000
10,0.3,0,0.1,0,0,10000,0.05,1,0.245024875621891,0.194029850746269,0.201492537313433,0.172885572139303,0.186567164179104,804,10000
10,0.3,0,0.1,0,0,10000,0.05,2,0.245024875621891,0.194029850746269,0.201492537313433,0.172885572139303,0.186567164179104,804,10000
10,0.3,0,0.1,0,0,10000,0.05,3,0.212686567164179,0.189054726368159,0.203980099502488,0.187810945273632,0.206467661691542,804,10000
30,0.3,0,0.1,0,0,10000,0.05,1,0.266550522648084,0.202090592334495,0.215156794425087,0.165505226480836,0.150696864111498,1148,10000
30,0.3,0,0.1,0,0,10000,0.05,2,0.266550522648084,0.202090592334495,0.215156794425087,0.165505226480836,0.150696864111498,1148,10000
30,0.3,0,0.1,0,0,10000,0.05,3,0.178571428571429,0.18205574912892,0.222996515679443,0.202090592334495,0.214285714285714,1148,10000
70,0.3,0,0.1,0,0,10000,0.05,1,0.369029275808937,0.230354391371341,0.154853620955316,0.13251155624037,0.113251155624037,1298,10000
70,0.3,0,0.1,0,0,10000,0.05,2,0.369029275808937,0.230354391371341,0.154853620955316,0.13251155624037,0.113251155624037,1298,10000
70,0.3,0,0.1,0,0,10000,0.05,3,0.178736517719569,0.196456086286595,0.180277349768875,0.209553158705701,0.23497688751926,1298,10000
150,0.3,0,0.1,0,0,10000,0.05,1,0.459162663006177,0.207275223061084,0.144818119423473,0.10706932052162,0.0816746739876458,1457,10000
150,0.3,0,0.1,0,0,10000,0.05,2,0.459162663006177,0.207275223061084,0.144818119423473,0.10706932052162,0.0816746739876458,1457,10000
150,0.3,0,0.1,0,0,10000,0.05,3,0.164722031571723,0.210706932052162,0.200411805078929,0.20178448867536,0.222374742621826,1457,10000
2,0.6,0,0.1,0,0,10000,0.05,1,0.200772200772201,0.183397683397683,0.202702702702703,0.191119691119691,0.222007722007722,518,10000
2,0.6,0,0.1,0,0,10000,0.05,2,0.200772200772201,0.183397683397683,0.202702702702703,0.191119691119691,0.222007722007722,518,10000
2,0.6,0,0.1,0,0,10000,0.05,3,0.193050193050193,0.183397683397683,0.202702702702703,0.194980694980695,0.225868725868726,518,10000
5,0.6,0,0.1,0,0,10000,0.05,1,0.202265372168285,0.213592233009709,0.177993527508091,0.186084142394822,0.220064724919094,618,10000
5,0.6,0,0.1,0,0,10000,0.05,2,0.202265372168285,0.213592233009709,0.177993527508091,0.186084142394822,0.220064724919094,618,10000
5,0.6,0,0.1,0,0,10000,0.05,3,0.182847896440129,0.215210355987055,0.179611650485437,0.189320388349515,0.233009708737864,618,10000
10,0.6,0,0.1,0,0,10000,0.05,1,0.247761194029851,0.185074626865672,0.195522388059701,0.192537313432836,0.17910447761194,670,10000
10,0.6,0,0.1,0,0,10000,0.05,2,0.247761194029851,0.185074626865672,0.195522388059701,0.192537313432836,0.17910447761194,670,10000
10,0.6,0,0.1,0,0,10000,0.05,3,0.182089552238806,0.195522388059701,0.222388059701493,0.202985074626866,0.197014925373134,670,10000
30,0.6,0,0.1,0,0,10000,0.05,1,0.249134948096886,0.221453287197232,0.192618223760092,0.152249134948097,0.184544405997693,867,10000
30,0.6,0,0.1,0,0,10000,0.05,2,0.249134948096886,0.221453287197232,0.192618223760092,0.152249134948097,0.184544405997693,867,10000
30,0.6,0,0.1,0,0,10000,0.05,3,0.163783160322953,0.193771626297578,0.196078431372549,0.192618223760092,0.253748558246828,867,10000
70,0.6,0,0.1,0,0,10000,0.05,1,0.290196078431373,0.21078431372549,0.187254901960784,0.154901960784314,0.156862745098039,1020,10000
70,0.6,0,0.1,0,0,10000,0.05,2,0.290196078431373,0.21078431372549,0.187254901960784,0.154901960784314,0.156862745098039,1020,10000
70,0.6,0,0.1,0,0,10000,0.05,3,0.138235294117647,0.190196078431373,0.217647058823529,0.213725490196078,0.240196078431373,1020,10000
150,0.6,0,0.1,0,0,10000,0.05,1,0.312551953449709,0.206982543640898,0.187032418952618,0.152950955943475,0.1404821280133,1203,10000
150,0.6,0,0.1,0,0,10000,0.05,2,0.312551953449709,0.206982543640898,0.187032418952618,0.152950955943475,0.1404821280133,1203,10000
150,0.6,0,0.1,0,0,10000,0.05,3,0.14879467996675,0.173732335827099,0.211138819617623,0.230257689110557,0.236076475477972,1203,10000
2,0.9,0,0.1,0,0,10000,0.05,1,0.183044315992293,0.213872832369942,0.194605009633911,0.186897880539499,0.221579961464355,519,10000
2,0.9,0,0.1,0,0,10000,0.05,2,0.183044315992293,0.213872832369942,0.194605009633911,0.186897880539499,0.221579961464355,519,10000
2,0.9,0,0.1,0,0,10000,0.05,3,0.179190751445087,0.215799614643545,0.194605009633911,0.186897880539499,0.223506743737958,519,10000
5,0.9,0,0.1,0,0,10000,0.05,1,0.180232558139535,0.201550387596899,0.191860465116279,0.191860465116279,0.234496124031008,516,10000
5,0.9,0,0.1,0,0,10000,0.05,2,0.180232558139535,0.201550387596899,0.191860465116279,0.191860465116279,0.234496124031008,516,10000
5,0.9,0,0.1,0,0,10000,0.05,3,0.156976744186047,0.197674418604651,0.186046511627907,0.205426356589147,0.253875968992248,516,10000
10,0.9,0,0.1,0,0,10000,0.05,1,0.214527027027027,0.190878378378378,0.184121621621622,0.206081081081081,0.204391891891892,592,10000
10,0.9,0,0.1,0,0,10000,0.05,2,0.214527027027027,0.190878378378378,0.184121621621622,0.206081081081081,0.204391891891892,592,10000
10,0.9,0,0.1,0,0,10000,0.05,3,0.173986486486487,0.184121621621622,0.190878378378378,0.206081081081081,0.244932432432432,592,10000
30,0.9,0,0.1,0,0,10000,0.05,1,0.224555735056543,0.219709208400646,0.193861066235864,0.192245557350565,0.169628432956381,619,10000
30,0.9,0,0.1,0,0,10000,0.05,2,0.224555735056543,0.219709208400646,0.193861066235864,0.192245557350565,0.169628432956381,619,10000
30,0.9,0,0.1,0,0,10000,0.05,3,0.180936995153473,0.187399030694669,0.187399030694669,0.229402261712439,0.21486268174475,619,10000
70,0.9,0,0.1,0,0,10000,0.05,1,0.250363901018923,0.193595342066958,0.174672489082969,0.219796215429403,0.161572052401747,687,10000
70,0.9,0,0.1,0,0,10000,0.05,2,0.250363901018923,0.193595342066958,0.174672489082969,0.219796215429403,0.161572052401747,687,10000
70,0.9,0,0.1,0,0,10000,0.05,3,0.168850072780204,0.157205240174673,0.190684133915575,0.244541484716157,0.238719068413392,687,10000
150,0.9,0,0.1,0,0,10000,0.05,1,0.225757575757576,0.2,0.178787878787879,0.183333333333333,0.212121212121212,660,10000
150,0.9,0,0.1,0,0,10000,0.05,2,0.225757575757576,0.2,0.178787878787879,0.183333333333333,0.212121212121212,660,10000
150,0.9,0,0.1,0,0,10000,0.05,3,0.154545454545455,0.156060606060606,0.16969696969697,0.209090909090909,0.310606060606061,660,10000
2,0,0,0.25,0,0,10000,0.05,1,0.197183098591549,0.209702660406886,0.209702660406886,0.211267605633803,0.172143974960876,639,10000
2,0,0,0.25,0,0,10000,0.05,2,0.197183098591549,0.209702660406886,0.209702660406886,0.211267605633803,0.172143974960876,639,10000
2,0,0,0.25,0,0,10000,0.05,3,0.195618153364632,0.208137715179969,0.211267605633803,0.211267605633803,0.173708920187793,639,10000
5,0,0,0.25,0,0,10000,0.05,1,0.223175965665236,0.210300429184549,0.190987124463519,0.195278969957082,0.180257510729614,932,10000
5,0,0,0.25,0,0,10000,0.05,2,0.223175965665236,0.210300429184549,0.190987124463519,0.195278969957082,0.180257510729614,932,10000
5,0,0,0.25,0,0,10000,0.05,3,0.208154506437768,0.206008583690987,0.19206008583691,0.198497854077253,0.195278969957082,932,10000
10,0,0,0.25,0,0,10000,0.05,1,0.228134110787172,0.192419825072886,0.205539358600583,0.192419825072886,0.181486880466472,1372,10000
10,0,0,0.25,0,0,10000,0.05,2,0.228134110787172,0.192419825072886,0.205539358600583,0.192419825072886,0.181486880466472,1372,10000
10,0,0,0.25,0,0,10000,0.05,3,0.190962099125364,0.189504373177843,0.2033527696793,0.206268221574344,0.209912536443149,1372,10000
30,0,0,0.25,0,0,10000,0.05,1,0.308626465661642,0.245812395309883,0.184673366834171,0.147403685092127,0.113484087102178,2388,10000
30,0,0,0.25,0,0,10000,0.05,2,0.308626465661642,0.245812395309883,0.184673366834171,0.147403685092127,0.113484087102178,2388,10000
30,0,0,0.25,0,0,10000,0.05,3,0.20142378559464,0.21105527638191,0.194723618090452,0.195561139028476,0.197236180904523,2388,10000
70,0,0,0.25,0,0,10000,0.05,1,0.482659992849482,0.247765462996067,0.142652842331069,0.0793707543796925,0.0475509474436897,2797,10000
70,0,0,0.25,0,0,10000,0.05,2,0.482659992849482,0.247765462996067,0.142652842331069,0.0793707543796925,0.0475509474436897,2797,10000
70,0,0,0.25,0,0,10000,0.05,3,0.199499463711119,0.196996782266714,0.205934930282445,0.192348945298534,0.205219878441187,2797,10000
150,0,0,0.25,0,0,10000,0.05,1,0.700970200970201,0.176368676368676,0.0564795564795565,0.0377685377685378,0.0284130284130284,2886,10000
150,0,0,0.25,0,0,10000,0.05,2,0.700970200970201,0.176368676368676,0.0564795564795565,0.0377685377685378,0.0284130284130284,2886,10000
150,0,0,0.25,0,0,10000,0.05,3,0.190921690921691,0.203395703395703,0.195772695772696,0.207900207900208,0.202009702009702,2886,10000
2,0.3,0,0.25,0,0,10000,0.05,1,0.200680272108844,0.20578231292517,0.197278911564626,0.193877551020408,0.202380952380952,588,10000
2,0.3,0,0.25,0,0,10000,0.05,2,0.200680272108844,0.20578231292517,0.197278911564626,0.193877551020408,0.202380952380952,588,10000
2,0.3,0,0.25,0,0,10000,0.05,3,0.195578231292517,0.210884353741497,0.197278911564626,0.193877551020408,0.202380952380952,588,10000
5,0.3,0,0.25,0,0,10000,0.05,1,0.18640350877193,0.216008771929825,0.202850877192982,0.211622807017544,0.183114035087719,912,10000
5,0.3,0,0.25,0,0,10000,0.05,2,0.18640350877193,0.216008771929825,0.202850877192982,0.211622807017544,0.183114035087719,912,10000
5,0.3,0,0.25,0,0,10000,0.05,3,0.163377192982456,0.211622807017544,0.212719298245614,0.214912280701754,0.197368421052632,912,10000
10,0.3,0,0.25,0,0,10000,0.05,1,0.254755996691481,0.198511166253102,0.178660049627792,0.185277088502895,0.182795698924731,1209,10000
10,0.3,0,0.25,0,0,10000,0.05,2,0.254755996691481,0.198511166253102,0.178660049627792,0.185277088502895,0.182795698924731,1209,10000
10,0.3,0,0.25,0,0,10000,0.05,3,0.211745244003309,0.187758478081059,0.180314309346567,0.202646815550041,0.217535153019024,1209,10000
30,0.3,0,0.25,0,0,10000,0.05,1,0.298867552929591,0.213195470211718,0.199901526341704,0.158542589857213,0.129492860659774,2031,10000
30,0.3,0,0.25,0,0,10000,0.05,2,0.298867552929591,0.213195470211718,0.199901526341704,0.158542589857213,0.129492860659774,2031,10000
30,0.3,0,0.25,0,0,10000,0.05,3,0.183653372722797,0.188577055637617,0.224027572624323,0.20137863121615,0.202363367799114,2031,10000
70,0.3,0,0.25,0,0,10000,0.05,1,0.387990762124711,0.230177059276366,0.163972286374134,0.117782909930716,0.100076982294072,2598,10000
70,0.3,0,0.25,0,0,10000,0.05,2,0.387990762124711,0.230177059276366,0.163972286374134,0.117782909930716,0.100076982294072,2598,10000
70,0.3,0,0.25,0,0,10000,0.05,3,0.15473441108545,0.194380292532717,0.201693610469592,0.213240954580447,0.235950731331794,2598,10000
150,0.3,0,0.25,0,0,10000,0.05,1,0.530213063220398,0.218651763884038,0.126440796367447,0.072651065316102,0.0520433112120154,2863,10000
150,0.3,0,0.25,0,0,10000,0.05,2,0.530213063220398,0.218651763884038,0.126440796367447,0.072651065316102,0.0520433112120154,2863,10000
150,0.3,0,0.25,0,0,10000,0.05,3,0.159273489346839,0.186168354872511,0.207823960880196,0.21341250436605,0.233321690534405,2863,10000
2,0.6,0,0.25,0,0,10000,0.05,1,0.207578253706755,0.196046128500824,0.219110378912685,0.181219110378913,0.196046128500824,607,10000
2,0.6,0,0.25,0,0,10000,0.05,2,0.207578253706755,0.196046128500824,0.219110378912685,0.181219110378913,0.196046128500824,607,10000
2,0.6,0,0.25,0,0,10000,0.05,3,0.196046128500824,0.187808896210873,0.222405271828666,0.186161449752883,0.207578253706755,607,10000
5,0.6,0,0.25,0,0,10000,0.05,1,0.239470517448857,0.203369434416366,0.187725631768953,0.186522262334537,0.182912154031288,831,10000
5,0.6,0,0.25,0,0,10000,0.05,2,0.239470517448857,0.203369434416366,0.187725631768953,0.186522262334537,0.182912154031288,831,10000
5,0.6,0,0.25,0,0,10000,0.05,3,0.197352587244284,0.194945848375451,0.196149217809868,0.206979542719615,0.204572803850782,831,10000
10,0.6,0,0.25,0,0,10000,0.05,1,0.247609942638623,0.195028680688337,0.181644359464627,0.197896749521989,0.177820267686424,1046,10000
10,0.6,0,0.25,0,0,10000,0.05,2,0.247609942638623,0.195028680688337,0.181644359464627,0.197896749521989,0.177820267686424,1046,10000
10,0.6,0,0.25,0,0,10000,0.05,3,0.17208413001912,0.180688336520076,0.198852772466539,0.227533460803059,0.220841300191205,1046,10000
30,0.6,0,0.25,0,0,10000,0.05,1,0.306406685236769,0.198467966573816,0.181754874651811,0.159470752089137,0.153899721448468,1436,10000
30,0.6,0,0.25,0,0,10000,0.05,2,0.306406685236769,0.198467966573816,0.181754874651811,0.159470752089137,0.153899721448468,1436,10000
30,0.6,0,0.25,0,0,10000,0.05,3,0.164345403899721,0.168523676880223,0.206128133704735,0.211699164345404,0.249303621169916,1436,10000
70,0.6,0,0.25,0,0,10000,0.05,1,0.327567567567568,0.206486486486487,0.172432432432432,0.160540540540541,0.132972972972973,1850,10000
70,0.6,0,0.25,0,0,10000,0.05,2,0.327567567567568,0.206486486486487,0.172432432432432,0.160540540540541,0.132972972972973,1850,10000
70,0.6,0,0.25,0,0,10000,0.05,3,0.125945945945946,0.167567567567568,0.207567567567568,0.239459459459459,0.259459459459459,1850,10000
150,0.6,0,0.25,0,0,10000,0.05,1,0.387459054749649,0.201684604585868,0.16050538137576,0.14365933551708,0.106691623771642,2137,10000
150,0.6,0,0.25,0,0,10000,0.05,2,0.387459054749649,0.201684604585868,0.16050538137576,0.14365933551708,0.106691623771642,2137,10000
150,0.6,0,0.25,0,0,10000,0.05,3,0.120729995320543,0.15208235844642,0.211043518951802,0.251286850725316,0.26485727655592,2137,10000
2,0.9,0,0.25,0,0,10000,0.05,1,0.18019801980198,0.186138613861386,0.203960396039604,0.211881188118812,0.217821782178218,505,10000
2,0.9,0,0.25,0,0,10000,0.05,2,0.18019801980198,0.186138613861386,0.203960396039604,0.211881188118812,0.217821782178218,505,10000
2,0.9,0,0.25,0,0,10000,0.05,3,0.168316831683168,0.174257425742574,0.205940594059406,0.217821782178218,0.233663366336634,505,10000
5,0.9,0,0.25,0,0,10000,0.05,1,0.195007800312012,0.213728549141966,0.226209048361934,0.18408736349454,0.180967238689548,641,10000
5,0.9,0,0.25,0,0,10000,0.05,2,0.195007800312012,0.213728549141966,0.226209048361934,0.18408736349454,0.180967238689548,641,10000
5,0.9,0,0.25,0,0,10000,0.05,3,0.14820592823713,0.204368174726989,0.216848673946958,0.218408736349454,0.21216848673947,641,10000
10,0.9,0,0.25,0,0,10000,0.05,1,0.211161387631976,0.211161387631976,0.188536953242836,0.188536953242836,0.200603318250377,663,10000
10,0.9,0,0.25,0,0,10000,0.05,2,0.211161387631976,0.211161387631976,0.188536953242836,0.188536953242836,0.200603318250377,663,10000
10,0.9,0,0.25,0,0,10000,0.05,3,0.155354449472097,0.168929110105581,0.190045248868778,0.22473604826546,0.260935143288084,663,10000
30,0.9,0,0.25,0,0,10000,0.05,1,0.244143033292232,0.224414303329223,0.189889025893958,0.166461159062885,0.175092478421702,811,10000
30,0.9,0,0.25,0,0,10000,0.05,2,0.244143033292232,0.224414303329223,0.189889025893958,0.166461159062885,0.175092478421702,811,10000
30,0.9,0,0.25,0,0,10000,0.05,3,0.151664611590629,0.159062885326757,0.202219482120838,0.231812577065351,0.255240443896424,811,10000
70,0.9,0,0.25,0,0,10000,0.05,1,0.23590333716916,0.212888377445339,0.189873417721519,0.195627157652474,0.165707710011507,869,10000
70,0.9,0,0.25,0,0,10000,0.05,2,0.23590333716916,0.212888377445339,0.189873417721519,0.195627157652474,0.165707710011507,869,10000
70,0.9,0,0.25,0,0,10000,0.05,3,0.11277330264672,0.142692750287687,0.180667433831991,0.262370540851554,0.301495972382048,869,10000
150,0.9,0,0.25,0,0,10000,0.05,1,0.240702479338843,0.212809917355372,0.200413223140496,0.15702479338843,0.18904958677686,968,10000
150,0.9,0,0.25,0,0,10000,0.05,2,0.240702479338843,0.212809917355372,0.200413223140496,0.15702479338843,0.18904958677686,968,10000
150,0.9,0,0.25,0,0,10000,0.05,3,0.0991735537190083,0.151859504132231,0.197314049586777,0.21900826446281,0.332644628099174,968,10000
2,0,0,0.5,0,0,10000,0.05,1,0.185636856368564,0.212737127371274,0.193766937669377,0.18970189701897,0.218157181571816,738,10000
2,0,0,0.5,0,0,10000,0.05,2,0.185636856368564,0.212737127371274,0.193766937669377,0.18970189701897,0.218157181571816,738,10000
2,0,0,0.5,0,0,10000,0.05,3,0.181571815718157,0.214092140921409,0.195121951219512,0.18970189701897,0.219512195121951,738,10000
5,0,0,0.5,0,0,10000,0.05,1,0.203976435935199,0.215022091310751,0.190721649484536,0.193667157584683,0.196612665684831,1358,10000
5,0,0,0.5,0,0,10000,0.05,2,0.203976435935199,0.215022091310751,0.190721649484536,0.193667157584683,0.196612665684831,1358,10000
5,0,0,0.5,0,0,10000,0.05,3,0.186303387334315,0.206921944035346,0.198085419734904,0.199558173784978,0.209131075110457,1358,10000
10,0,0,0.5,0,0,10000,0.05,1,0.234867860187553,0.221653878942882,0.19693094629156,0.182864450127877,0.163682864450128,2346,10000
10,0,0,0.5,0,0,10000,0.05,2,0.234867860187553,0.221653878942882,0.19693094629156,0.182864450127877,0.163682864450128,2346,10000
10,0,0,0.5,0,0,10000,0.05,3,0.199488491048593,0.213981244671782,0.199914748508099,0.195652173913043,0.190963341858483,2346,10000
30,0,0,0.5,0,0,10000,0.05,1,0.328418549346017,0.24423305588585,0.175980975029727,0.140546967895363,0.110820451843044,4205,10000
30,0,0,0.5,0,0,10000,0.05,2,0.328418549346017,0.24423305588585,0.175980975029727,0.140546967895363,0.110820451843044,4205,10000
30,0,0,0.5,0,0,10000,0.05,3,0.207609988109394,0.201189060642093,0.192152199762188,0.197384066587396,0.20166468489893,4205,10000
70,0,0,0.5,0,0,10000,0.05,1,0.51173801538765,0.249950680607615,0.134740579996054,0.0633260998224502,0.04024462418623,5069,10000
70,0,0,0.5,0,0,10000,0.05,2,0.51173801538765,0.249950680607615,0.134740579996054,0.0633260998224502,0.04024462418623,5069,10000
70,0,0,0.5,0,0,10000,0.05,3,0.200631288222529,0.198658512527126,0.199250345235747,0.203195896626554,0.198263957388045,5069,10000
150,0,0,0.5,0,0,10000,0.05,1,0.746577946768061,0.179087452471483,0.0454372623574145,0.0186311787072243,0.0102661596958175,5260,10000
150,0,0,0.5,0,0,10000,0.05,2,0.746577946768061,0.179087452471483,0.0454372623574145,0.0186311787072243,0.0102661596958175,5260,10000
150,0,0,0.5,0,0,10000,0.05,3,0.200760456273764,0.203802281368821,0.209125475285171,0.199049429657795,0.187262357414449,5260,10000
2,0.3,0,0.5,0,0,10000,0.05,1,0.208835341365462,0.218206157965194,0.194109772423025,0.187416331994645,0.191432396251673,747,10000
2,0.3,0,0.5,0,0,10000,0.05,2,0.208835341365462,0.218206157965194,0.194109772423025,0.187416331994645,0.191432396251673,747,10000
2,0.3,0,0.5,0,0,10000,0.05,3,0.20615796519411,0.21285140562249,0.194109772423025,0.187416331994645,0.19946452476573,747,10000
5,0.3,0,0.5,0,0,10000,0.05,1,0.211406844106464,0.207604562737643,0.198479087452471,0.207604562737643,0.174904942965779,1315,10000
5,0.3,0,0.5,0,0,10000,0.05,2,0.211406844106464,0.207604562737643,0.198479087452471,0.207604562737643,0.174904942965779,1315,10000
5,0.3,0,0.5,0,0,10000,0.05,3,0.191634980988593,0.196958174904943,0.196958174904943,0.217490494296578,0.196958174904943,1315,10000
10,0.3,0,0.5,0,0,10000,0.05,1,0.240203562340967,0.217811704834606,0.192875318066158,0.183715012722646,0.165394402035623,1965,10000
10,0.3,0,0.5,0,0,10000,0.05,2,0.240203562340967,0.217811704834606,0.192875318066158,0.183715012722646,0.165394402035623,1965,10000
10,0.3,0,0.5,0,0,10000,0.05,3,0.183206106870229,0.200508905852417,0.206615776081425,0.205089058524173,0.204580152671756,1965,10000
30,0.3,0,0.5,0,0,10000,0.05,1,0.305656171635553,0.22680412371134,0.184173864586236,0.156032320980775,0.127333519086096,3589,10000
30,0.3,0,0.5,0,0,10000,0.05,2,0.305656171635553,0.22680412371134,0.184173864586236,0.156032320980775,0.127333519086096,3589,10000
30,0.3,0,0.5,0,0,10000,0.05,3,0.16829200334355,0.200055725828922,0.199219838395096,0.218445249373084,0.213987183059348,3589,10000
70,0.3,0,0.5,0,0,10000,0.05,1,0.417664670658683,0.238665526090676,0.157185628742515,0.11377245508982,0.0727117194183063,4676,10000
70,0.3,0,0.5,0,0,10000,0.05,2,0.417664670658683,0.238665526090676,0.157185628742515,0.11377245508982,0.0727117194183063,4676,10000
70,0.3,0,0.5,0,0,10000,0.05,3,0.162959794696322,0.196535500427716,0.204875962360992,0.21792130025663,0.21770744225834,4676,10000
150,0.3,0,0.5,0,0,10000,0.05,1,0.56395800933126,0.234836702954899,0.107698289269051,0.0587091757387247,0.0347978227060653,5144,10000
150,0.3,0,0.5,0,0,10000,0.05,2,0.56395800933126,0.234836702954899,0.107698289269051,0.0587091757387247,0.0347978227060653,5144,10000
150,0.3,0,0.5,0,0,10000,0.05,3,0.167573872472784,0.194790046656299,0.195956454121306,0.21850699844479,0.223172628304821,5144,10000
2,0.6,0,0.5,0,0,10000,0.05,1,0.212481426448737,0.194650817236256,0.188707280832095,0.203566121842496,0.200594353640416,673,10000
2,0.6,0,0.5,0,0,10000,0.05,2,0.212481426448737,0.194650817236256,0.188707280832095,0.203566121842496,0.200594353640416,673,10000
2,0.6,0,0.5,0,0,10000,0.05,3,0.202080237741456,0.190193164933135,0.193164933135215,0.203566121842496,0.210995542347697,673,10000
5,0.6,0,0.5,0,0,10000,0.05,1,0.231707317073171,0.194250871080139,0.177700348432056,0.195993031358885,0.200348432055749,1148,10000
5,0.6,0,0.5,0,0,10000,0.05,2,0.231707317073171,0.194250871080139,0.177700348432056,0.195993031358885,0.200348432055749,1148,10000
5,0.6,0,0.5,0,0,10000,0.05,3,0.185540069686411,0.175087108013937,0.183797909407666,0.221254355400697,0.234320557491289,1148,10000
10,0.6,0,0.5,0,0,10000,0.05,1,0.258760107816712,0.211590296495957,0.18733153638814,0.162398921832884,0.179919137466307,1484,10000
10,0.6,0,0.5,0,0,10000,0.05,2,0.258760107816712,0.211590296495957,0.18733153638814,0.162398921832884,0.179919137466307,1484,10000
10,0.6,0,0.5,0,0,10000,0.05,3,0.168463611859838,0.185309973045822,0.204851752021563,0.19811320754717,0.243261455525606,1484,10000
30,0.6,0,0.5,0,0,10000,0.05,1,0.291581943879626,0.226108174054494,0.173241154941033,0.160634404229362,0.148434322895486,2459,10000
30,0.6,0,0.5,0,0,10000,0.05,2,0.291581943879626,0.226108174054494,0.173241154941033,0.160634404229362,0.148434322895486,2459,10000
30,0.6,0,0.5,0,0,10000,0.05,3,0.130540870272469,0.199267995119967,0.201301342008947,0.222854819032127,0.24603497356649,2459,10000
70,0.6,0,0.5,0,0,10000,0.05,1,0.334165366614665,0.206864274570983,0.181903276131045,0.154758190327613,0.122308892355694,3205,10000
70,0.6,0,0.5,0,0,10000,0.05,2,0.334165366614665,0.206864274570983,0.181903276131045,0.154758190327613,0.122308892355694,3205,10000
70,0.6,0,0.5,0,0,10000,0.05,3,0.119500780031201,0.157254290171607,0.213416536661466,0.242121684867395,0.267706708268331,3205,10000
150,0.6,0,0.5,0,0,10000,0.05,1,0.39273757404069,0.203966005665722,0.163275817666753,0.126191089363894,0.113829513262941,3883,10000
150,0.6,0,0.5,0,0,10000,0.05,2,0.39273757404069,0.203966005665722,0.163275817666753,0.126191089363894,0.113829513262941,3883,10000
150,0.6,0,0.5,0,0,10000,0.05,3,0.0960597476178213,0.165593613185681,0.208344063868143,0.244656193664692,0.285346381663662,3883,10000
2,0.9,0,0.5,0,0,10000,0.05,1,0.227194492254733,0.218588640275387,0.187607573149742,0.163511187607573,0.203098106712565,581,10000
2,0.9,0,0.5,0,0,10000,0.05,2,0.227194492254733,0.218588640275387,0.187607573149742,0.163511187607573,0.203098106712565,581,10000
2,0.9,0,0.5,0,0,10000,0.05,3,0.179001721170396,0.225473321858864,0.192771084337349,0.185886402753873,0.216867469879518,581,10000
5,0.9,0,0.5,0,0,10000,0.05,1,0.221476510067114,0.195973154362416,0.190604026845638,0.197315436241611,0.194630872483221,745,10000
5,0.9,0,0.5,0,0,10000,0.05,2,0.221476510067114,0.195973154362416,0.190604026845638,0.197315436241611,0.194630872483221,745,10000
5,0.9,0,0.5,0,0,10000,0.05,3,0.140939597315436,0.167785234899329,0.202684563758389,0.224161073825503,0.264429530201342,745,10000
10,0.9,0,0.5,0,0,10000,0.05,1,0.234162895927602,0.205882352941176,0.190045248868778,0.183257918552036,0.186651583710407,884,10000
10,0.9,0,0.5,0,0,10000,0.05,2,0.234162895927602,0.205882352941176,0.190045248868778,0.183257918552036,0.186651583710407,884,10000
10,0.9,0,0.5,0,0,10000,0.05,3,0.131221719457014,0.156108597285068,0.193438914027149,0.235294117647059,0.28393665158371,884,10000
30,0.9,0,0.5,0,0,10000,0.05,1,0.237962962962963,0.223148148148148,0.188888888888889,0.183333333333333,0.166666666666667,1080,10000
30,0.9,0,0.5,0,0,10000,0.05,2,0.237962962962963,0.223148148148148,0.188888888888889,0.183333333333333,0.166666666666667,1080,10000
30,0.9,0,0.5,0,0,10000,0.05,3,0.0898148148148148,0.161111111111111,0.185185185185185,0.242592592592593,0.321296296296296,1080,10000
70,0.9,0,0.5,0,0,10000,0.05,1,0.282706766917293,0.203007518796992,0.194736842105263,0.15187969924812,0.167669172932331,1330,10000
70,0.9,0,0.5,0,0,10000,0.05,2,0.282706766917293,0.203007518796992,0.194736842105263,0.15187969924812,0.167669172932331,1330,10000
70,0.9,0,0.5,0,0,10000,0.05,3,0.0894736842105263,0.13609022556391,0.17218045112782,0.257894736842105,0.344360902255639,1330,10000
150,0.9,0,0.5,0,0,10000,0.05,1,0.258713136729223,0.221849865951743,0.184316353887399,0.179624664879357,0.155495978552279,1492,10000
150,0.9,0,0.5,0,0,10000,0.05,2,0.258713136729223,0.221849865951743,0.184316353887399,0.179624664879357,0.155495978552279,1492,10000
150,0.9,0,0.5,0,0,10000,0.05,3,0.0784182305630027,0.127345844504021,0.151474530831099,0.256702412868633,0.386058981233244,1492,10000
2,0,0,0.75,0,0,10000,0.05,1,0.201197604790419,0.207185628742515,0.194011976047904,0.204790419161677,0.192814371257485,835,10000
2,0,0,0.75,0,0,10000,0.05,2,0.201197604790419,0.207185628742515,0.194011976047904,0.204790419161677,0.192814371257485,835,10000
2,0,0,0.75,0,0,10000,0.05,3,0.198802395209581,0.205988023952096,0.195209580838323,0.205988023952096,0.194011976047904,835,10000
5,0,0,0.75,0,0,10000,0.05,1,0.220489977728285,0.193763919821826,0.211024498886414,0.189309576837416,0.185412026726058,1796,10000
5,0,0,0.75,0,0,10000,0.05,2,0.220489977728285,0.193763919821826,0.211024498886414,0.189309576837416,0.185412026726058,1796,10000
5,0,0,0.75,0,0,10000,0.05,3,0.209910913140312,0.184855233853007,0.209910913140312,0.196547884187082,0.198775055679287,1796,10000
10,0,0,0.75,0,0,10000,0.05,1,0.243878550440744,0.210577864838394,0.186092066601371,0.183153770812929,0.176297747306562,3063,10000
10,0,0,0.75,0,0,10000,0.05,2,0.243878550440744,0.210577864838394,0.186092066601371,0.183153770812929,0.176297747306562,3063,10000
10,0,0,0.75,0,0,10000,0.05,3,0.20666013712047,0.19588638589618,0.191968658178257,0.199477636304277,0.206007182500816,3063,10000
30,0,0,0.75,0,0,10000,0.05,1,0.33612600536193,0.247654155495979,0.185656836461126,0.131869973190349,0.0986930294906166,5968,10000
30,0,0,0.75,0,0,10000,0.05,2,0.33612600536193,0.247654155495979,0.185656836461126,0.131869973190349,0.0986930294906166,5968,10000
30,0,0,0.75,0,0,10000,0.05,3,0.209115281501341,0.202747989276139,0.203418230563003,0.18951072386059,0.195207774798928,5968,10000
70,0,0,0.75,0,0,10000,0.05,1,0.516330126033338,0.252202195419434,0.131996205447893,0.0684374576500881,0.0310340154492479,7379,10000
70,0,0,0.75,0,0,10000,0.05,2,0.516330126033338,0.252202195419434,0.131996205447893,0.0684374576500881,0.0310340154492479,7379,10000
70,0,0,0.75,0,0,10000,0.05,3,0.19514839409134,0.195012874373221,0.205718932104621,0.204634774359669,0.199485025071148,7379,10000
150,0,0,0.75,0,0,10000,0.05,1,0.773846960167715,0.17164570230608,0.0406184486373166,0.00904088050314465,0.00484800838574424,7632,10000
150,0,0,0.75,0,0,10000,0.05,2,0.773846960167715,0.17164570230608,0.0406184486373166,0.00904088050314465,0.00484800838574424,7632,10000
150,0,0,0.75,0,0,10000,0.05,3,0.194444444444444,0.200471698113208,0.199554507337526,0.206105870020964,0.199423480083857,7632,10000
2,0.3,0,0.75,0,0,10000,0.05,1,0.196054254007398,0.177558569667078,0.205918618988903,0.23304562268804,0.187422934648582,811,10000
2,0.3,0,0.75,0,0,10000,0.05,2,0.196054254007398,0.177558569667078,0.205918618988903,0.23304562268804,0.187422934648582,811,10000
2,0.3,0,0.75,0,0,10000,0.05,3,0.186189889025894,0.177558569667078,0.212083847102343,0.235511713933416,0.18865598027127,811,10000
5,0.3,0,0.75,0,0,10000,0.05,1,0.247924080664294,0.220640569395018,0.187425860023725,0.166073546856465,0.177935943060498,1686,10000
5,0.3,0,0.75,0,0,10000,0.05,2,0.247924080664294,0.220640569395018,0.187425860023725,0.166073546856465,0.177935943060498,1686,10000
5,0.3,0,0.75,0,0,10000,0.05,3,0.21055753262159,0.212930011862396,0.189798339264531,0.181494661921708,0.205219454329775,1686,10000
10,0.3,0,0.75,0,0,10000,0.05,1,0.248336252189142,0.211558669001751,0.197898423817863,0.163572679509632,0.178633975481611,2855,10000
10,0.3,0,0.75,0,0,10000,0.05,2,0.248336252189142,0.211558669001751,0.197898423817863,0.163572679509632,0.178633975481611,2855,10000
10,0.3,0,0.75,0,0,10000,0.05,3,0.18353765323993,0.192994746059545,0.210507880910683,0.18739054290718,0.225569176882662,2855,10000
30,0.3,0,0.75,0,0,10000,0.05,1,0.318376068376068,0.23018648018648,0.183760683760684,0.142385392385392,0.125291375291375,5148,10000
30,0.3,0,0.75,0,0,10000,0.05,2,0.318376068376068,0.23018648018648,0.183760683760684,0.142385392385392,0.125291375291375,5148,10000
30,0.3,0,0.75,0,0,10000,0.05,3,0.169191919191919,0.195415695415695,0.214452214452214,0.202020202020202,0.218919968919969,5148,10000
70,0.3,0,0.75,0,0,10000,0.05,1,0.424327519952705,0.231599172332249,0.164498965415312,0.11143955069465,0.0681347916050842,6766,10000
70,0.3,0,0.75,0,0,10000,0.05,2,0.424327519952705,0.231599172332249,0.164498965415312,0.11143955069465,0.0681347916050842,6766,10000
70,0.3,0,0.75,0,0,10000,0.05,3,0.164646763227904,0.19051138043157,0.202630801064144,0.222879101389299,0.219331953887082,6766,10000
150,0.3,0,0.75,0,0,10000,0.05,1,0.575470439076471,0.228079540904845,0.110770052048579,0.0576538102228747,0.0280261577472308,7493,10000
150,0.3,0,0.75,0,0,10000,0.05,2,0.575470439076471,0.228079540904845,0.110770052048579,0.0576538102228747,0.0280261577472308,7493,10000
150,0.3,0,0.75,0,0,10000,0.05,3,0.156012278126251,0.199919925263579,0.207927398905645,0.215667956759642,0.220472440944882,7493,10000
2,0.6,0,0.75,0,0,10000,0.05,1,0.223390275952694,0.186596583442838,0.195795006570302,0.202365308804205,0.191852825229961,761,10000
2,0.6,0,0.75,0,0,10000,0.05,2,0.223390275952694,0.186596583442838,0.195795006570302,0.202365308804205,0.191852825229961,761,10000
2,0.6,0,0.75,0,0,10000,0.05,3,0.194480946123522,0.186596583442838,0.206307490144547,0.211563731931669,0.201051248357424,761,10000
5,0.6,0,0.75,0,0,10000,0.05,1,0.223342939481268,0.212536023054755,0.20821325648415,0.172190201729107,0.18371757925072,1388,10000
5,0.6,0,0.75,0,0,10000,0.05,2,0.223342939481268,0.212536023054755,0.20821325648415,0.172190201729107,0.18371757925072,1388,10000
5,0.6,0,0.75,0,0,10000,0.05,3,0.164985590778098,0.196685878962536,0.21685878962536,0.205331412103746,0.216138328530259,1388,10000
10,0.6,0,0.75,0,0,10000,0.05,1,0.258049242424242,0.223958333333333,0.190340909090909,0.173295454545455,0.154356060606061,2112,10000
10,0.6,0,0.75,0,0,10000,0.05,2,0.258049242424242,0.223958333333333,0.190340909090909,0.173295454545455,0.154356060606061,2112,10000
10,0.6,0,0.75,0,0,10000,0.05,3,0.146306818181818,0.197443181818182,0.210227272727273,0.215909090909091,0.230113636363636,2112,10000
30,0.6,0,0.75,0,0,10000,0.05,1,0.282685512367491,0.211425206124853,0.19434628975265,0.164016489988221,0.147526501766784,3396,10000
30,0.6,0,0.75,0,0,10000,0.05,2,0.282685512367491,0.211425206124853,0.19434628975265,0.164016489988221,0.147526501766784,3396,10000
30,0.6,0,0.75,0,0,10000,0.05,3,0.118080094228504,0.169611307420495,0.21643109540636,0.232332155477032,0.263545347467609,3396,10000
70,0.6,0,0.75,0,0,10000,0.05,1,0.35154707044108,0.210226025894229,0.174237436910248,0.139126618389291,0.124862848365153,4557,10000
70,0.6,0,0.75,0,0,10000,0.05,2,0.35154707044108,0.210226025894229,0.174237436910248,0.139126618389291,0.124862848365153,4557,10000
70,0.6,0,0.75,0,0,10000,0.05,3,0.10862409479921,0.170506912442396,0.210884353741497,0.24182576256309,0.268158876453807,4557,10000
150,0.6,0,0.75,0,0,10000,0.05,1,0.381238938053097,0.213451327433628,0.161238938053097,0.134336283185841,0.109734513274336,5650,10000
150,0.6,0,0.75,0,0,10000,0.05,2,0.381238938053097,0.213451327433628,0.161238938053097,0.134336283185841,0.109734513274336,5650,10000
150,0.6,0,0.75,0,0,10000,0.05,3,0.0902654867256637,0.167079646017699,0.209026548672566,0.254867256637168,0.278761061946903,5650,10000
2,0.9,0,0.75,0,0,10000,0.05,1,0.195488721804511,0.204511278195489,0.210526315789474,0.2,0.189473684210526,665,10000
2,0.9,0,0.75,0,0,10000,0.05,2,0.195488721804511,0.204511278195489,0.210526315789474,0.2,0.189473684210526,665,10000
2,0.9,0,0.75,0,0,10000,0.05,3,0.160902255639098,0.193984962406015,0.207518796992481,0.215037593984962,0.222556390977444,665,10000
5,0.9,0,0.75,0,0,10000,0.05,1,0.217777777777778,0.212222222222222,0.188888888888889,0.194444444444444,0.186666666666667,900,10000
5,0.9,0,0.75,0,0,10000,0.05,2,0.217777777777778,0.212222222222222,0.188888888888889,0.194444444444444,0.186666666666667,900,10000
5,0.9,0,0.75,0,0,10000,0.05,3,0.113333333333333,0.171111111111111,0.22,0.237777777777778,0.257777777777778,900,10000
10,0.9,0,0.75,0,0,10000,0.05,1,0.236842105263158,0.213921901528014,0.193548387096774,0.1723259762309,0.183361629881155,1178,10000
10,0.9,0,0.75,0,0,10000,0.05,2,0.236842105263158,0.213921901528014,0.193548387096774,0.1723259762309,0.183361629881155,1178,10000
10,0.9,0,0.75,0,0,10000,0.05,3,0.107809847198642,0.161290322580645,0.208828522920204,0.221561969439728,0.300509337860781,1178,10000
30,0.9,0,0.75,0,0,10000,0.05,1,0.249451353328456,0.196781272860278,0.221653255303584,0.168251645940015,0.163862472567666,1367,10000
30,0.9,0,0.75,0,0,10000,0.05,2,0.249451353328456,0.196781272860278,0.221653255303584,0.168251645940015,0.163862472567666,1367,10000
30,0.9,0,0.75,0,0,10000,0.05,3,0.0724213606437454,0.124359912216533,0.209948792977323,0.265544989027067,0.327724945135333,1367,10000
70,0.9,0,0.75,0,0,10000,0.05,1,0.269230769230769,0.207357859531773,0.196767001114827,0.162764771460424,0.163879598662207,1794,10000
70,0.9,0,0.75,0,0,10000,0.05,2,0.269230769230769,0.207357859531773,0.196767001114827,0.162764771460424,0.163879598662207,1794,10000
70,0.9,0,0.75,0,0,10000,0.05,3,0.0730211817168339,0.0942028985507246,0.201783723522854,0.256967670011148,0.374024526198439,1794,10000
150,0.9,0,0.75,0,0,10000,0.05,1,0.26953125,0.2177734375,0.1728515625,0.1787109375,0.1611328125,2048,10000
150,0.9,0,0.75,0,0,10000,0.05,2,0.26953125,0.2177734375,0.1728515625,0.1787109375,0.1611328125,2048,10000
150,0.9,0,0.75,0,0,10000,0.05,3,0.0517578125,0.095703125,0.15869140625,0.279296875,0.41455078125,2048,10000
2,0,0,1,0,0,10000,0.05,1,0.211180124223602,0.200828157349897,0.210144927536232,0.199792960662526,0.178053830227743,966,10000
2,0,0,1,0,0,10000,0.05,2,0.211180124223602,0.200828157349897,0.210144927536232,0.199792960662526,0.178053830227743,966,10000
2,0,0,1,0,0,10000,0.05,3,0.204968944099379,0.198757763975155,0.210144927536232,0.202898550724638,0.183229813664596,966,10000
5,0,0,1,0,0,10000,0.05,1,0.20794701986755,0.202649006622517,0.196467991169978,0.206181015452539,0.186754966887417,2265,10000
5,0,0,1,0,0,10000,0.05,2,0.20794701986755,0.202649006622517,0.196467991169978,0.206181015452539,0.186754966887417,2265,10000
5,0,0,1,0,0,10000,0.05,3,0.193818984547461,0.195584988962472,0.198233995584989,0.215894039735099,0.196467991169978,2265,10000
10,0,0,1,0,0,10000,0.05,1,0.241947755516105,0.214557443570885,0.205680953588638,0.173725589652549,0.164088257671823,3943,10000
10,0,0,1,0,0,10000,0.05,2,0.241947755516105,0.214557443570885,0.205680953588638,0.173725589652549,0.164088257671823,3943,10000
10,0,0,1,0,0,10000,0.05,3,0.200862287598275,0.199340603601319,0.206949023586102,0.192493025615014,0.20035505959929,3943,10000
30,0,0,1,0,0,10000,0.05,1,0.332401524777637,0.258831003811944,0.17725540025413,0.136721728081321,0.0947903430749682,7870,10000
30,0,0,1,0,0,10000,0.05,2,0.332401524777637,0.258831003811944,0.17725540025413,0.136721728081321,0.0947903430749682,7870,10000
30,0,0,1,0,0,10000,0.05,3,0.203811944091487,0.202287166454892,0.199618805590851,0.199364675984752,0.194917407878018,7870,10000
70,0,0,1,0,0,10000,0.05,1,0.520217569786535,0.250718390804598,0.135467980295567,0.0629105090311987,0.0306855500821018,9744,10000
70,0,0,1,0,0,10000,0.05,2,0.520217569786535,0.250718390804598,0.135467980295567,0.0629105090311987,0.0306855500821018,9744,10000
70,0,0,1,0,0,10000,0.05,3,0.198583743842365,0.201559934318555,0.207101806239737,0.195607553366174,0.197146962233169,9744,10000
150,0,0,1,0,0,10000,0.05,1,0.777777777777778,0.178117811781178,0.0353035303530353,0.0075007500750075,0.0013001300130013,9999,10000
150,0,0,1,0,0,10000,0.05,2,0.777777777777778,0.178117811781178,0.0353035303530353,0.0075007500750075,0.0013001300130013,9999,10000
150,0,0,1,0,0,10000,0.05,3,0.202720272027203,0.1999199919992,0.202620262026203,0.199119911991199,0.195619561956196,9999,10000
2,0.3,0,1,0,0,10000,0.05,1,0.203605514316013,0.190880169671262,0.211028632025451,0.200424178154825,0.19406150583245,943,10000
2,0.3,0,1,0,0,10000,0.05,2,0.203605514316013,0.190880169671262,0.211028632025451,0.200424178154825,0.19406150583245,943,10000
2,0.3,0,1,0,0,10000,0.05,3,0.1983032873807,0.189819724284199,0.212089077412513,0.199363732767762,0.200424178154825,943,10000
5,0.3,0,1,0,0,10000,0.05,1,0.231630170316302,0.204866180048662,0.199513381995134,0.181021897810219,0.182968369829684,2055,10000
5,0.3,0,1,0,0,10000,0.05,2,0.231630170316302,0.204866180048662,0.199513381995134,0.181021897810219,0.182968369829684,2055,10000
5,0.3,0,1,0,0,10000,0.05,3,0.198053527980535,0.194647201946472,0.199513381995134,0.197566909975669,0.21021897810219,2055,10000
10,0.3,0,1,0,0,10000,0.05,1,0.245604242255094,0.210996371755512,0.205414457158805,0.185877756070332,0.152107172760257,3583,10000
10,0.3,0,1,0,0,10000,0.05,2,0.245604242255094,0.210996371755512,0.205414457158805,0.185877756070332,0.152107172760257,3583,10000
10,0.3,0,1,0,0,10000,0.05,3,0.186156851800167,0.193971532235557,0.210159084566006,0.212670946134524,0.197041585263745,3583,10000
30,0.3,0,1,0,0,10000,0.05,1,0.316520688613712,0.233766233766234,0.177438840229538,0.149048625792812,0.123225611597705,6622,10000
30,0.3,0,1,0,0,10000,0.05,2,0.316520688613712,0.233766233766234,0.177438840229538,0.149048625792812,0.123225611597705,6622,10000
30,0.3,0,1,0,0,10000,0.05,3,0.172908486861975,0.19540924192087,0.198429477499245,0.213983690727877,0.219269102990033,6622,10000
70,0.3,0,1,0,0,10000,0.05,1,0.431272644927536,0.23539402173913,0.154664855072464,0.109601449275362,0.0690670289855073,8832,10000
70,0.3,0,1,0,0,10000,0.05,2,0.431272644927536,0.23539402173913,0.154664855072464,0.109601449275362,0.0690670289855073,8832,10000
70,0.3,0,1,0,0,10000,0.05,3,0.163836050724638,0.194067028985507,0.201992753623188,0.219202898550725,0.220901268115942,8832,10000
150,0.3,0,1,0,0,10000,0.05,1,0.582441113490364,0.233608646884878,0.108697868869175,0.0515957989191394,0.0236565718364434,9807,10000
150,0.3,0,1,0,0,10000,0.05,2,0.582441113490364,0.233608646884878,0.108697868869175,0.0515957989191394,0.0236565718364434,9807,10000
150,0.3,0,1,0,0,10000,0.05,3,0.159172019985724,0.189558478637708,0.202508412358519,0.221168553074335,0.227592535943714,9807,10000
2,0.6,0,1,0,0,10000,0.05,1,0.205640423031727,0.232667450058754,0.191539365452409,0.197414806110458,0.172737955346651,851,10000
2,0.6,0,1,0,0,10000,0.05,2,0.205640423031727,0.232667450058754,0.191539365452409,0.197414806110458,0.172737955346651,851,10000
2,0.6,0,1,0,0,10000,0.05,3,0.171562867215041,0.224441833137485,0.198589894242068,0.219741480611046,0.18566392479436,851,10000
5,0.6,0,1,0,0,10000,0.05,1,0.221228384019082,0.217054263565891,0.189624329159213,0.187239117471676,0.184853905784138,1677,10000
5,0.6,0,1,0,0,10000,0.05,2,0.221228384019082,0.217054263565891,0.189624329159213,0.187239117471676,0.184853905784138,1677,10000
5,0.6,0,1,0,0,10000,0.05,3,0.159809183064997,0.199165175909362,0.206320810971974,0.20989862850328,0.224806201550388,1677,10000
10,0.6,0,1,0,0,10000,0.05,1,0.25633034670822,0.211141410206467,0.192832099727308,0.169068952084145,0.170627191273861,2567,10000
10,0.6,0,1,0,0,10000,0.05,2,0.25633034670822,0.211141410206467,0.192832099727308,0.169068952084145,0.170627191273861,2567,10000
10,0.6,0,1,0,0,10000,0.05,3,0.145305804440982,0.189715621347877,0.20997273081418,0.210362290611609,0.244643552785353,2567,10000
30,0.6,0,1,0,0,10000,0.05,1,0.311932849364791,0.2005444646098,0.179900181488203,0.161070780399274,0.146551724137931,4408,10000
30,0.6,0,1,0,0,10000,0.05,2,0.311932849364791,0.2005444646098,0.179900181488203,0.161070780399274,0.146551724137931,4408,10000
30,0.6,0,1,0,0,10000,0.05,3,0.126134301270417,0.170372050816697,0.203266787658802,0.234573502722323,0.26565335753176,4408,10000
70,0.6,0,1,0,0,10000,0.05,1,0.346140651801029,0.217324185248714,0.179931389365352,0.13893653516295,0.117667238421955,5830,10000
70,0.6,0,1,0,0,10000,0.05,2,0.346140651801029,0.217324185248714,0.179931389365352,0.13893653516295,0.117667238421955,5830,10000
70,0.6,0,1,0,0,10000,0.05,3,0.106346483704974,0.165351629502573,0.223327615780446,0.24065180102916,0.264322469982847,5830,10000
150,0.6,0,1,0,0,10000,0.05,1,0.392382518153172,0.219893136046034,0.151527606521441,0.13193588162762,0.104260857651733,7299,10000
150,0.6,0,1,0,0,10000,0.05,2,0.392382518153172,0.219893136046034,0.151527606521441,0.13193588162762,0.104260857651733,7299,10000
150,0.6,0,1,0,0,10000,0.05,3,0.0923414166324154,0.158377859980819,0.208247705165091,0.25099328675161,0.290039731470064,7299,10000
2,0.9,0,1,0,0,10000,0.05,1,0.208044382801664,0.21497919556172,0.180305131761442,0.181692094313454,0.21497919556172,721,10000
2,0.9,0,1,0,0,10000,0.05,2,0.208044382801664,0.21497919556172,0.180305131761442,0.181692094313454,0.21497919556172,721,10000
2,0.9,0,1,0,0,10000,0.05,3,0.152565880721221,0.188626907073509,0.184466019417476,0.206657420249653,0.267683772538141,721,10000
5,0.9,0,1,0,0,10000,0.05,1,0.247191011235955,0.211610486891386,0.191011235955056,0.183520599250936,0.166666666666667,1068,10000
5,0.9,0,1,0,0,10000,0.05,2,0.247191011235955,0.211610486891386,0.191011235955056,0.183520599250936,0.166666666666667,1068,10000
5,0.9,0,1,0,0,10000,0.05,3,0.124531835205993,0.171348314606742,0.196629213483146,0.24250936329588,0.26498127340824,1068,10000
10,0.9,0,1,0,0,10000,0.05,1,0.250612244897959,0.209795918367347,0.177142857142857,0.184489795918367,0.177959183673469,1225,10000
10,0.9,0,1,0,0,10000,0.05,2,0.250612244897959,0.209795918367347,0.177142857142857,0.184489795918367,0.177959183673469,1225,10000
10,0.9,0,1,0,0,10000,0.05,3,0.0922448979591837,0.149387755102041,0.208163265306122,0.233469387755102,0.316734693877551,1225,10000
30,0.9,0,1,0,0,10000,0.05,1,0.255017709563164,0.216056670602125,0.190082644628099,0.166469893742621,0.172373081463991,1694,10000
30,0.9,0,1,0,0,10000,0.05,2,0.255017709563164,0.216056670602125,0.190082644628099,0.166469893742621,0.172373081463991,1694,10000
30,0.9,0,1,0,0,10000,0.05,3,0.0667060212514758,0.115702479338843,0.182408500590319,0.269185360094451,0.365997638724912,1694,10000
70,0.9,0,1,0,0,10000,0.05,1,0.286049788633161,0.19962423673086,0.17426021606388,0.175199624236731,0.164866134335369,2129,10000
70,0.9,0,1,0,0,10000,0.05,2,0.286049788633161,0.19962423673086,0.17426021606388,0.175199624236731,0.164866134335369,2129,10000
70,0.9,0,1,0,0,10000,0.05,3,0.0620009394081728,0.109441052137154,0.164396430248943,0.274307186472522,0.389854391733208,2129,10000
150,0.9,0,1,0,0,10000,0.05,1,0.303521962801741,0.204590423426989,0.171745152354571,0.166996438464583,0.153146022952117,2527,10000
150,0.9,0,1,0,0,10000,0.05,2,0.303521962801741,0.204590423426989,0.171745152354571,0.166996438464583,0.153146022952117,2527,10000
150,0.9,0,1,0,0,10000,0.05,3,0.0534230312623664,0.0981400870597546,0.165809259992086,0.277404036406807,0.405223585278987,2527,10000
